,centroid-0,centroid-1,orientation,axis_major_length,axis_minor_length,area,area_filled,eccentricity,intensity_mean,background,intensity_mean_mKO2,background_mKO2,intensity_mean_GFP,background_GFP,time
1,372.010989010989,185.8901098901099,0.10747283152976306,12.633449147611323,9.321058727537906,91,91,0.6750107303520485,3036.8571428571427,1173.026421316012,2922.4285714285716,1424.3984573066662,2660.5934065934066,2204.265049959403,2460328.2409838
2,125.75837859319115,419.06649887402307,-0.48299305642128576,133.25937707521544,72.3555852173681,7549,7549,0.8397533493198299,2024.9226387601007,1173.026421316012,1431.713207047291,1424.3984573066662,4200.171545900119,2204.265049959403,2460328.2409838
3,251.59299557973478,253.69449166950017,-0.938794222197828,103.47706266061364,73.9063069259448,5882,5882,0.6999122102501409,3396.2434546072764,1173.026421316012,4526.637368242094,1424.3984573066662,3336.5185311118667,2204.265049959403,2460328.2409838
4,330.4513274336283,400.53097345132744,-0.8036164876809508,13.527066421417807,10.601832312136683,113,113,0.6210769938327906,3777.336283185841,1173.026421316012,1344.0353982300885,1424.3984573066662,6653.061946902655,2204.265049959403,2460328.2409838
5,214.74872541879097,408.44719592134015,-1.134551247873598,48.983765878405855,35.901365198393236,1373,1373,0.6803107981081102,1930.3445010924981,1173.026421316012,1036.7916970138383,1424.3984573066662,5862.863073561544,2204.265049959403,2460328.2409838
6,219.51781515644782,138.8612769035992,-0.9213486576012542,94.61739493809614,74.72040799915827,5529,5529,0.6134789013927193,1887.8998010490143,1173.026421316012,4716.317055525412,1424.3984573066662,2147.238379453789,2204.265049959403,2460328.2409838
7,301.7659574468085,434.1276595744681,0.13849688779352,8.612228284532407,6.947433045498329,47,47,0.5909693393611292,2321.723404255319,1173.026421316012,1041.9574468085107,1424.3984573066662,7480.297872340426,2204.265049959403,2460328.2409838
8,270.61971830985914,414.0845070422535,-0.42608403104542547,9.911743324268958,9.13465547600996,71,71,0.38814272329363625,2472.2535211267605,1173.026421316012,1179.0985915492959,1424.3984573066662,7789.12676056338,2204.265049959403,2460328.2409838
9,288.9032258064516,436.9032258064516,-0.6639671557473983,11.745902995864615,10.179712574765363,93,93,0.498898007503813,2144.569892473118,1173.026421316012,1109.032258064516,1424.3984573066662,7962.580645161291,2204.265049959403,2460328.2409838
