,centroid-0,centroid-1,orientation,axis_major_length,axis_minor_length,area,area_filled,eccentricity,intensity_mean,background,intensity_mean_mKO2,background_mKO2,intensity_mean_GFP,background_GFP,time
1,253.11418918918918,486.91283783783786,-1.2202993021568929,44.397204108245894,42.57313235209761,1480,1480,0.28369449792649915,1968.0554054054055,993.2775013932222,671.2209459459459,1165.5958679266005,723.6391891891892,2480.9508202722986,2460328.24324074
2,257.5399460468977,256.2909317285744,-1.0569196984268303,98.36409736614567,62.59499565491496,4819,4819,0.7713920592185703,4207.648267275368,993.2775013932222,6927.888566092551,1165.5958679266005,12186.190288441585,2480.9508202722986,2460328.24324074
3,127.12018946121965,284.3635287152161,-1.4811673287367104,49.66376175863403,43.577238653085686,1689,1689,0.4796765503355096,5516.690349319124,993.2775013932222,3901.8182356423918,1165.5958679266005,11301.654233274126,2480.9508202722986,2460328.24324074
4,147.99600387503028,211.97578106078953,-0.4567631078546803,117.63280833657083,90.58648444434253,8258,8258,0.6379492635941171,6010.914749333979,993.2775013932222,3806.460644223783,1165.5958679266005,9571.871397432793,2480.9508202722986,2460328.24324074
5,121.35384615384615,322.12307692307695,0.43918030118299317,9.348608105686608,8.886688394914186,65,65,0.31045074573278386,2580.0615384615385,993.2775013932222,3718.6153846153848,1165.5958679266005,8592.938461538462,2480.9508202722986,2460328.24324074
