,centroid-0,centroid-1,orientation,axis_major_length,axis_minor_length,area,area_filled,eccentricity,intensity_mean,background,intensity_mean_mKO2,background_mKO2,intensity_mean_GFP,background_GFP,time
1,254.197562214322,257.9327069578466,-1.4510334561175835,99.73796121494138,50.50817122608886,3938,3938,0.8622935863769247,6528.775520568816,1114.4095060644463,5594.198831894362,1280.9789561921712,2533.4390553580497,1208.4350510303402,2460328.24829861
2,308.18081010318804,205.28107192361003,-1.360818568504496,103.63913969973011,82.56952748099313,6493,6493,0.6043721143000621,6654.281687971662,1114.4095060644463,5801.521638687817,1280.9789561921712,2593.763283536116,1208.4350510303402,2460328.24829861
