,centroid-0,centroid-1,orientation,axis_major_length,axis_minor_length,area,area_filled,eccentricity,intensity_mean,background,intensity_mean_mKO2,background_mKO2,intensity_mean_GFP,background_GFP,time
1,252.87673688928732,265.26057074555507,0.3891916862374864,108.98852158357984,79.21730891460895,6693,6693,0.6868059324297207,2967.607052144031,1065.3474208328332,6432.600179291798,2041.1417000194529,6177.845510234573,3360.5730498449975,2460328.2534375
2,123.41935483870968,292.0,1.5707963267948966,9.47662659456957,8.302300873365372,62,62,0.48216235224930765,2468.3870967741937,1065.3474208328332,6048.032258064516,2041.1417000194529,5102.580645161291,3360.5730498449975,2460328.2534375
3,120.17936237527378,463.44901435872475,-0.7077118837894786,76.10149620924241,69.18658299439599,4109,4109,0.4165001504693951,1140.9425651009979,1065.3474208328332,5248.803601849599,2041.1417000194529,4727.679727427598,3360.5730498449975,2460328.2534375
4,435.90021598272136,487.6354211663067,-0.5996065729823609,61.829533374902056,48.107128490322474,2315,2315,0.6281891320078622,1267.0082073434126,1065.3474208328332,4026.607343412527,2041.1417000194529,2652.57494600432,3360.5730498449975,2460328.2534375
5,474.516200442745,278.2930167035621,1.0486801659276281,93.39893201323815,67.96823492766072,4969,4969,0.6858747412414689,1597.3684846045483,1065.3474208328332,1953.4501911853492,2041.1417000194529,8133.71583819682,3360.5730498449975,2460328.2534375
6,109.33333333333333,268.5128205128205,-0.3503250922743226,7.5297382980154515,6.662914408022421,39,39,0.465819153362684,2020.2564102564102,1065.3474208328332,6341.205128205128,2041.1417000194529,5011.538461538462,3360.5730498449975,2460328.2534375
7,186.06172839506172,19.864197530864196,-0.14484645370915317,11.03296082730034,9.385657760825536,81,81,0.5256635402274029,1258.148148148148,1065.3474208328332,1177.283950617284,2041.1417000194529,2411.246913580247,3360.5730498449975,2460328.2534375
8,68.21923246581385,440.3947948831054,-1.2756813117771577,59.97138390912606,49.48540692718719,2267,2267,0.5649132154993745,1148.412880458756,1065.3474208328332,4235.198941332157,2041.1417000194529,4105.460961623291,3360.5730498449975,2460328.2534375
