,centroid-0,centroid-1,orientation,axis_major_length,axis_minor_length,area,area_filled,eccentricity,intensity_mean,background,intensity_mean_mKO2,background_mKO2,intensity_mean_GFP,background_GFP,time
1,262.0492327365729,238.62830349531117,0.7144485074213367,84.74368275212832,72.01792255947713,4692,4692,0.5270531158718225,3088.494884910486,988.5566584051767,1575.1494032395567,871.7438068471545,5593.3774509803925,2116.491353105569,2460328.27826389
2,249.46544397226572,293.43569671214493,0.02824067985698931,96.83654671453026,65.2206266535976,4471,4471,0.7391758144977313,2833.044509058376,988.5566584051767,1444.3075374636546,871.7438068471545,5083.568329232834,2116.491353105569,2460328.27826389
