,centroid-0,centroid-1,orientation,axis_major_length,axis_minor_length,area,area_filled,eccentricity,intensity_mean,background,intensity_mean_mKO2,background_mKO2,intensity_mean_GFP,background_GFP,time
1,128.703492353344,195.44989728372516,0.639987620739793,92.12434345879365,60.63976788533259,4381,4381,0.7528096626407544,1910.3243551700525,1021.573646039446,5181.914859621091,1158.365984234378,4511.9484136042,2897.4633185996045,2460328.28226852
2,250.52159074046594,263.615966760647,-1.0184859969304212,125.48956604148167,68.9562972829388,6739,6739,0.8354948654436827,2883.575604689123,1021.573646039446,1222.9777415046742,1158.365984234378,11674.21323638522,2897.4633185996045,2460328.28226852
3,219.84810126582278,356.8481012658228,-0.32359684422818563,11.34295505085589,8.854179569811352,79,79,0.6250453502432434,2579.6835443037976,1021.573646039446,906.379746835443,1158.365984234378,4906.860759493671,2897.4633185996045,2460328.28226852
4,266.97849462365593,356.4301075268817,0.39919315561647273,17.897808899065982,13.21338829659228,186,186,0.6745069614892611,1575.505376344086,1021.573646039446,1120.258064516129,1158.365984234378,3634.516129032258,2897.4633185996045,2460328.28226852
5,248.5287356321839,364.48275862068965,-1.423829850401409,10.877653039528418,10.202719144098452,87,87,0.3467644395775225,1587.9540229885058,1021.573646039446,1061.471264367816,1158.365984234378,3795.8735632183907,2897.4633185996045,2460328.28226852
