,centroid-0,centroid-1,orientation,axis_major_length,axis_minor_length,area,area_filled,eccentricity,intensity_mean,background,intensity_mean_mKO2,background_mKO2,intensity_mean_GFP,background_GFP,time
1,312.0769230769231,293.75,-0.307731644835869,8.548616553284,7.764535976492362,52,52,0.41836318340982936,4174.096153846154,1042.155094968186,7632.923076923077,5703.36608933167,22333.134615384617,3625.807640083995,2460328.28305556
2,369.8888888888889,242.42592592592592,-0.834747100027525,8.463589131971817,8.124546914856117,54,54,0.28020192317073245,1782.7962962962963,1042.155094968186,4853.0,5703.36608933167,16647.90740740741,3625.807640083995,2460328.28305556
3,365.2413793103448,279.62068965517244,-0.5908495478698095,6.653990997717902,5.651409976091434,29,29,0.5278680975948483,3686.2758620689656,1042.155094968186,3780.310344827586,5703.36608933167,16949.931034482757,3625.807640083995,2460328.28305556
4,303.5857142857143,392.9714285714286,0.4971479829901381,10.270230099652194,8.651526126207038,70,70,0.5388703199322199,1281.7,1042.155094968186,1476.3285714285714,5703.36608933167,5952.214285714285,3625.807640083995,2460328.28305556
5,277.4146341463415,367.0731707317073,-0.4297312870196804,7.969958711597453,6.610002399589759,41,41,0.55870761385484,1871.0243902439024,1042.155094968186,1831.8536585365853,5703.36608933167,5600.585365853659,3625.807640083995,2460328.28305556
6,261.17303344043796,247.07925740806854,-0.42697424438512244,141.0485902760762,79.20374096233633,8403,8403,0.8274528856598733,2691.534808996787,1042.155094968186,6704.581459002737,5703.36608933167,20855.411162679997,3625.807640083995,2460328.28305556
7,482.890243902439,93.96341463414635,-1.0742172476186718,11.39644741489091,9.194616600051706,82,82,0.59082909831947,1141.0,1042.155094968186,9129.682926829268,5703.36608933167,3532.378048780488,3625.807640083995,2460328.28305556
8,292.3692307692308,386.6307692307692,1.4289819838728066,10.19513842968252,8.092043266933896,65,65,0.6082886669841214,1309.6307692307691,1042.155094968186,1426.7692307692307,5703.36608933167,5803.415384615385,3625.807640083995,2460328.28305556
