,centroid-0,centroid-1,orientation,axis_major_length,axis_minor_length,area,area_filled,eccentricity,intensity_mean,background,intensity_mean_mKO2,background_mKO2,intensity_mean_GFP,background_GFP,time
1,267.8474092207262,267.7734258125935,0.014766884019451622,121.74182145519457,80.00909559590927,7353,7353,0.7537135791928585,3812.8161294709644,1063.7886116488048,7292.913368693051,6267.084588388965,23227.106351149192,5983.048994381757,2460328.29099537
2,97.56140350877193,328.6842105263158,-1.0520281736458454,9.3232583909371,7.762928836316277,57,57,0.5538128483890382,1909.8245614035088,1063.7886116488048,20948.877192982458,6267.084588388965,2171.4210526315787,5983.048994381757,2460328.29099537
3,54.049751243781095,303.93532338308455,-0.49007072644794286,16.911356607998428,15.195868222438232,201,201,0.43885073299596233,1771.9800995024875,1063.7886116488048,48075.02487562189,6267.084588388965,2908.990049751244,5983.048994381757,2460328.29099537
4,144.0632911392405,375.9113924050633,1.1970055286322792,11.280759514324865,8.873103559795362,79,79,0.6175015112592813,1553.5696202531647,1063.7886116488048,2376.8481012658226,6267.084588388965,2181.974683544304,5983.048994381757,2460328.29099537
5,114.51748251748252,307.75524475524475,1.333396914061931,14.874028370890862,12.275789694557126,143,143,0.5646695617325559,1775.3706293706293,1063.7886116488048,17838.678321678322,6267.084588388965,2533.972027972028,5983.048994381757,2460328.29099537
6,98.44285714285714,240.4857142857143,-0.07572991618701878,10.276569905635368,8.668137099198873,70,70,0.5371520369124538,1741.6857142857143,1063.7886116488048,48608.9,6267.084588388965,3762.4714285714285,5983.048994381757,2460328.29099537
7,137.0144927536232,154.46376811594203,-1.014846688854174,9.730981836471573,9.057441750151453,69,69,0.36556973473925364,1653.6521739130435,1063.7886116488048,2748.376811594203,6267.084588388965,7804.202898550725,5983.048994381757,2460328.29099537
