,centroid-0,centroid-1,orientation,axis_major_length,axis_minor_length,area,area_filled,eccentricity,intensity_mean,background,intensity_mean_mKO2,background_mKO2,intensity_mean_GFP,background_GFP,time
1,300.5,405.0,0.4388823708072619,14.578865714224788,12.384351716757218,142,142,0.5276322089367818,1721.9647887323943,991.599401627665,3910.281690140845,2387.7602516389948,16335.492957746479,5429.7905658420805,2460328.23811343
2,497.9413145539906,369.52582159624416,-1.3626650884219342,54.96057589672312,30.288676276911783,1278,1278,0.8344403737069095,1603.9632237871674,991.599401627665,1454.703442879499,2387.7602516389948,29924.118935837247,5429.7905658420805,2460328.23811343
3,352.42028985507244,289.6376811594203,-0.17470180410789496,10.554154072979454,8.290151626624633,69,69,0.6188780597289039,1461.7971014492753,991.599401627665,1933.463768115942,2387.7602516389948,9333.971014492754,5429.7905658420805,2460328.23811343
4,255.75862068965517,272.55172413793105,-0.19686384313640354,10.349142204338664,7.21513388249608,58,58,0.7169037393822372,4665.051724137931,991.599401627665,5694.724137931034,2387.7602516389948,24111.96551724138,5429.7905658420805,2460328.23811343
5,318.62264150943395,315.77358490566036,-0.10514636330907011,8.844856486956633,7.703839783030697,53,53,0.4912890709823438,1947.245283018868,991.599401627665,4267.358490566037,2387.7602516389948,22074.509433962263,5429.7905658420805,2460328.23811343
6,272.5625,364.5625,0.7853981633974483,7.831560082980487,7.8235754826890584,48,48,0.0451446949071634,2005.625,991.599401627665,6344.895833333333,2387.7602516389948,33426.5625,5429.7905658420805,2460328.23811343
7,301.453125,234.8125,0.5825028546164213,9.193426218309144,8.909728285335419,64,64,0.24650618458779855,1644.3125,991.599401627665,3056.75,2387.7602516389948,17280.53125,5429.7905658420805,2460328.23811343
8,282.1525423728813,346.271186440678,-1.4655803605842912,10.227434932592274,7.356750706810684,59,59,0.6946837120546543,2057.7118644067796,991.599401627665,5450.35593220339,2387.7602516389948,33013.254237288136,5429.7905658420805,2460328.23811343
